0.000000000000000000e+00,0.000000000000000000e+00,0.000000000000000000e+00,0.000000000000000000e+00,0.000000000000000000e+00,0.000000000000000000e+00,0.000000000000000000e+00,0.000000000000000000e+00,0.000000000000000000e+00,0.000000000000000000e+00,0.000000000000000000e+00,0.000000000000000000e+00,0.000000000000000000e+00,0.000000000000000000e+00,5.428054173373858537e-03,2.236954339941646386e-01,7.257911060191544195e-01,6.868898117357622457e-01,4.550786558322330588e-01,7.323825321379433539e-01,2.204346763641754636e-01,1.670542938731860882e+00,3.311484386137726332e-01,-8.065042287737995697e-01,0.000000000000000000e+00,0.000000000000000000e+00,5.361108618149545979e-01,3.278399588687814337e+00,5.696376482026074273e-01,5.307363539192149204e-01,2.989251980156857336e-01,6.510728015973152871e-01,-1.392261321961601572e+00,1.438302745376828007e+00,-5.580199224786283052e-01,-1.212931556659808674e+00,0.000000000000000000e+00,0.000000000000000000e+00,5.505856729439517760e-01,3.841545409574057768e+00,1.298583675486879585e+00,1.976966057333422677e+00,-2.087599342964821414e+00,9.579911375777476756e-01,-3.544303460930989136e+00,4.194520597773127024e-02,-3.234775680370485240e-01,0.000000000000000000e+00,0.000000000000000000e+00,0.000000000000000000e+00,1.744565929111832059e-01,2.440268875259391734e+00,2.694019743718106596e+00,5.161414194251002563e+00,-3.656520379430240553e+00,1.156467216131906284e+00,-4.477374283964232760e-01,0.000000000000000000e+00,0.000000000000000000e+00,0.000000000000000000e+00,0.000000000000000000e+00,0.000000000000000000e+00,0.000000000000000000e+00,9.379192449643486418e-02,2.074919162894152791e+00,4.676723038924398779e+00,-2.378020646636893609e-01,-1.131877010651091808e+00,-6.350426998218893990e-03,0.000000000000000000e+00,0.000000000000000000e+00,0.000000000000000000e+00,0.000000000000000000e+00,0.000000000000000000e+00,0.000000000000000000e+00,0.000000000000000000e+00,1.142618979382001854e-01,3.624626433728435515e+00,2.933907636839030886e+00,9.041796002302420199e-01,-2.298094295739248505e+00,-1.714615289519101360e-01,0.000000000000000000e+00,0.000000000000000000e+00,0.000000000000000000e+00,0.000000000000000000e+00,0.000000000000000000e+00,0.000000000000000000e+00,0.000000000000000000e+00,5.931729530715597054e-01,2.313101519288156993e+00,4.189433423614929097e+00,1.697724243216027773e+00,-3.012837442501794083e+00,0.000000000000000000e+00,0.000000000000000000e+00,0.000000000000000000e+00,0.000000000000000000e+00,0.000000000000000000e+00,4.342443338699070177e-03,7.820828961350194675e-01,1.757975442616544814e+00,1.539615223293491209e+00,3.782048328645509105e+00,2.394419113759333584e+00,-4.126430596637802317e+00,0.000000000000000000e+00,0.000000000000000000e+00,0.000000000000000000e+00,3.256832504024309571e-03,1.166761808643198117e+00,1.367592721664177891e+00,1.858827875939434104e+00,1.627197688770343431e+00,1.373510332825758518e+00,-6.287311370169881286e-01,-1.738747200395081460e+00,-1.155777713675838703e+00,0.000000000000000000e+00,0.000000000000000000e+00,3.455861157048023546e-02,2.715051928802122205e+00,1.750710397067717583e+00,1.382900792799540479e+00,1.457573780029179478e+00,1.808863841999324151e-01,-1.893778406316242835e+00,-1.393036782783601657e+00,-1.270085399643778798e-02,0.000000000000000000e+00,0.000000000000000000e+00,0.000000000000000000e+00,3.455861157048023546e-02,2.715051928802122205e+00,1.750710397067717583e+00,7.655193180385411189e-01,-7.119174634073637264e-01,-1.728410086171161764e+00,-6.985469698040783215e-02,0.000000000000000000e+00,0.000000000000000000e+00,0.000000000000000000e+00,0.000000000000000000e+00,0.000000000000000000e+00
0.000000000000000000e+00,0.000000000000000000e+00,0.000000000000000000e+00,0.000000000000000000e+00,0.000000000000000000e+00,0.000000000000000000e+00,0.000000000000000000e+00,0.000000000000000000e+00,0.000000000000000000e+00,0.000000000000000000e+00,0.000000000000000000e+00,0.000000000000000000e+00,0.000000000000000000e+00,0.000000000000000000e+00,2.385637773280388507e-02,4.179260386212559353e-01,1.791443177503901252e+00,3.801997952034708916e+00,4.955790677922084164e+00,6.118742868387170297e+00,6.850333500167399947e+00,6.964121856005828448e+00,7.697663132860569135e+00,3.637604188697095342e+00,0.000000000000000000e+00,0.000000000000000000e+00,9.023661038117241073e-01,6.209359726610633068e+00,1.088433360315150011e+01,1.285115168517216588e+01,1.337631360977295003e+01,1.427248179538103301e+01,1.235627008919856173e+01,8.497004365407828885e+00,8.717869188674789882e+00,3.921264037135228531e+00,0.000000000000000000e+00,0.000000000000000000e+00,9.659831110992012082e-01,7.670865028395930096e+00,1.439969846440889611e+01,1.667679135478147856e+01,1.493485112278975890e+01,1.393046600591864248e+01,1.042634843813815060e+01,5.687627691045662459e+00,4.946101417638853803e+00,1.843627806210761166e+00,0.000000000000000000e+00,0.000000000000000000e+00,3.761529870516580054e-01,4.331884130438339753e+00,1.082320434323362335e+01,1.389307796502189163e+01,1.076112841909762707e+01,5.002451594320474371e+00,2.983627143650597890e+00,0.000000000000000000e+00,0.000000000000000000e+00,0.000000000000000000e+00,0.000000000000000000e+00,0.000000000000000000e+00,0.000000000000000000e+00,1.084275410580921584e-01,3.022499722456389204e+00,1.001592281180314892e+01,1.021501152889679709e+01,7.690785824036930229e+00,3.083501358678906623e+00,1.818332361782903916e-01,0.000000000000000000e+00,0.000000000000000000e+00,0.000000000000000000e+00,0.000000000000000000e+00,0.000000000000000000e+00,0.000000000000000000e+00,2.634910910772423898e-01,5.459897495579371096e+00,1.055942375168876524e+01,1.118345985512374341e+01,9.986377005926552641e+00,3.586689771099521362e+00,0.000000000000000000e+00,0.000000000000000000e+00,0.000000000000000000e+00,0.000000000000000000e+00,0.000000000000000000e+00,0.000000000000000000e+00,0.000000000000000000e+00,8.493654888778436884e-01,5.194391201536032732e+00,1.205041372514579479e+01,1.453984097976585765e+01,8.601960382178596376e+00,4.800397435106865673e-01,0.000000000000000000e+00,0.000000000000000000e+00,0.000000000000000000e+00,0.000000000000000000e+00,1.908510218624310389e-02,1.136315716687382960e+00,4.907458370355398003e+00,9.522856408900883807e+00,1.416394752513835442e+01,1.595284198446158896e+01,9.672397247441825385e+00,4.800397435106865673e-01,0.000000000000000000e+00,0.000000000000000000e+00,1.431382663968232966e-02,1.546937785291815137e+00,4.621557820244786896e+00,8.780550588482640251e+00,1.338029187776167461e+01,1.428342011056614780e+01,1.401017454090744252e+01,1.194596674341358344e+01,5.102260617603946002e+00,1.454665889426322994e-02,0.000000000000000000e+00,1.518856048988513896e-01,4.085423202157975275e+00,9.958318320100778109e+00,1.260119913075657649e+01,1.385888132244528137e+01,1.449450298169233164e+01,1.270210732597561076e+01,8.009642941540572991e+00,3.478313322608920899e+00,5.673196968762660441e-01,0.000000000000000000e+00,0.000000000000000000e+00,1.518856048988513896e-01,4.085423202157975275e+00,9.940028430505627455e+00,1.187349710570412142e+01,1.170676109927994091e+01,8.907338335676289631e+00,3.885700135146367362e+00,6.017885188992428969e-01,0.000000000000000000e+00,0.000000000000000000e+00,0.000000000000000000e+00,0.000000000000000000e+00
0.000000000000000000e+00,0.000000000000000000e+00,0.000000000000000000e+00,0.000000000000000000e+00,0.000000000000000000e+00,0.000000000000000000e+00,0.000000000000000000e+00,0.000000000000000000e+00,0.000000000000000000e+00,0.000000000000000000e+00,0.000000000000000000e+00,0.000000000000000000e+00,0.000000000000000000e+00,0.000000000000000000e+00,3.440184851200995819e-01,1.344925692952877005e+00,3.499711342109332435e+00,5.834246510680466180e+00,6.321679997395127870e+00,8.081412903043244000e+00,5.259506448227980968e+00,1.079907173763409745e+01,4.863566265515504305e+00,2.743396115763669374e-01,0.000000000000000000e+00,0.000000000000000000e+00,6.605113271203395975e+00,1.300491631863073039e+01,1.299087741660070350e+01,1.469471202911832286e+01,1.517838015798716889e+01,1.790751347223476841e+01,6.651933329635786762e+00,1.205481615429065556e+01,5.050204175563130171e+00,2.743396115763669374e-01,0.000000000000000000e+00,0.000000000000000000e+00,7.522495898190328489e+00,1.601237546145876678e+01,2.072435906284846396e+01,1.765802429503374782e+01,1.428666214133714263e+01,1.700842245024037425e+01,6.019406866828719949e+00,6.594621100124820501e+00,1.984608794100196416e+00,9.192531487375646404e-02,0.000000000000000000e+00,0.000000000000000000e+00,3.702894247909450876e+00,9.236228576495040699e+00,2.099725183105256576e+01,1.784940903541708224e+01,5.178912502561897391e+00,7.543063607513480484e+00,5.673515527364657585e-01,0.000000000000000000e+00,0.000000000000000000e+00,0.000000000000000000e+00,0.000000000000000000e+00,0.000000000000000000e+00,0.000000000000000000e+00,2.247158113729522677e-01,1.302385348506681773e+01,1.716069668405648585e+01,6.493110149444071055e+00,3.772867733382412769e+00,1.457455604211856659e-01,3.590832612256112527e-02,0.000000000000000000e+00,0.000000000000000000e+00,0.000000000000000000e+00,0.000000000000000000e+00,0.000000000000000000e+00,0.000000000000000000e+00,2.747691053678730899e+00,1.331510352049933310e+01,1.315458312584816802e+01,1.290091113389303601e+01,4.127292880350902138e+00,3.073752716091232018e-01,0.000000000000000000e+00,0.000000000000000000e+00,0.000000000000000000e+00,0.000000000000000000e+00,0.000000000000000000e+00,0.000000000000000000e+00,0.000000000000000000e+00,4.501970666597007842e+00,1.124297617154992146e+01,2.127810662829914534e+01,1.284476471155508825e+01,3.433681838182646162e-01,9.479798096356135961e-02,0.000000000000000000e+00,0.000000000000000000e+00,0.000000000000000000e+00,0.000000000000000000e+00,2.752147880960796877e-01,4.492864039218861016e+00,9.888128252650384198e+00,1.321270378641781384e+01,2.252106922604127348e+01,1.614539732659666527e+01,5.659998057781435721e-01,9.479798096356135961e-02,0.000000000000000000e+00,0.000000000000000000e+00,2.064110910720597658e-01,5.210949550611478465e+00,8.454026744391436310e+00,1.409057217144461305e+01,1.629265401381709921e+01,1.606329511101650098e+01,1.315915608001518322e+01,7.767271826877514940e+00,5.399767376104942507e-01,2.872666089804889501e-03,0.000000000000000000e+00,2.190251021931300723e+00,1.038157960518633516e+01,1.436883107969846662e+01,1.486957109822821721e+01,1.687576889778087263e+01,1.422850841770150510e+01,8.758743845847522635e+00,3.942982312633803499e+00,9.758615978054126228e-02,1.120339775023906775e-01,0.000000000000000000e+00,0.000000000000000000e+00,2.190251021931300723e+00,1.038157960518633516e+01,1.410508357443972294e+01,1.213391713884492162e+01,1.057164818186358701e+01,4.347083795914273630e+00,8.786980226096297031e-02,3.050096773769012115e-02,0.000000000000000000e+00,0.000000000000000000e+00,0.000000000000000000e+00,0.000000000000000000e+00
0.000000000000000000e+00,0.000000000000000000e+00,0.000000000000000000e+00,0.000000000000000000e+00,0.000000000000000000e+00,0.000000000000000000e+00,0.000000000000000000e+00,0.000000000000000000e+00,0.000000000000000000e+00,0.000000000000000000e+00,0.000000000000000000e+00,0.000000000000000000e+00,0.000000000000000000e+00,0.000000000000000000e+00,1.281081715790326481e-01,7.200078526742474949e-01,2.436910430418246065e+00,4.263580060577926822e+00,4.195965386002931119e+00,5.889430628343454543e+00,4.694018762001695322e+00,7.777002425589002677e+00,4.550066386254643547e+00,3.720835535334548472e-01,0.000000000000000000e+00,0.000000000000000000e+00,3.103706806949784625e+00,9.240847839923883811e+00,9.410329766097644821e+00,1.100213441502910072e+01,1.048323477464177067e+01,1.315245553087498820e+01,5.020381212016715722e+00,8.817484052598995703e+00,4.873500825307530704e+00,3.720835535334548472e-01,0.000000000000000000e+00,0.000000000000000000e+00,3.445328597827205019e+00,1.112979738286140652e+01,1.485233319904830296e+01,1.303492613857000748e+01,1.027201842369916740e+01,1.208603345332902634e+01,4.608704943828083600e+00,5.051132214475810400e+00,2.201481053126943976e+00,1.246772116551890797e-01,0.000000000000000000e+00,0.000000000000000000e+00,1.551938529817832979e+00,6.237500666694650420e+00,1.457059494549583079e+01,1.356616114110425997e+01,3.828618427382307843e+00,5.125050825285787148e+00,7.694921656843699553e-01,0.000000000000000000e+00,0.000000000000000000e+00,0.000000000000000000e+00,0.000000000000000000e+00,0.000000000000000000e+00,0.000000000000000000e+00,2.182580062631144791e-01,7.787711316138445028e+00,1.213294941659050785e+01,5.197919328913425119e+00,3.887304155393829230e+00,2.026710638536758924e-01,4.870203580280823424e-02,0.000000000000000000e+00,0.000000000000000000e+00,0.000000000000000000e+00,0.000000000000000000e+00,0.000000000000000000e+00,0.000000000000000000e+00,1.128944506317645757e+00,9.549579373459106790e+00,9.108457535107355341e+00,9.719957881512808484e+00,4.006960825452779318e+00,4.168894264720385268e-01,0.000000000000000000e+00,0.000000000000000000e+00,0.000000000000000000e+00,0.000000000000000000e+00,0.000000000000000000e+00,0.000000000000000000e+00,0.000000000000000000e+00,2.455099518861444619e+00,7.469595824083187452e+00,1.583547703447941579e+01,1.000975250990941312e+01,7.955803257611862023e-01,1.285733745194137523e-01,0.000000000000000000e+00,0.000000000000000000e+00,0.000000000000000000e+00,0.000000000000000000e+00,1.024865372632260963e-01,2.667420828090017793e+00,6.598355183060150786e+00,9.367481511452327325e+00,1.639302572902771615e+01,1.220012854314260764e+01,1.097532947738597553e+00,1.285733745194137523e-01,0.000000000000000000e+00,0.000000000000000000e+00,7.686490294741957219e-02,3.508122083672001068e+00,5.432759901689265369e+00,9.585418168542638284e+00,1.175006425443586089e+01,1.144821957463469531e+01,9.878476584117906967e+00,6.566942469320469655e+00,7.423602154627847449e-01,3.896162864224658740e-03,0.000000000000000000e+00,8.156220257198411039e-01,7.143530997249753156e+00,1.035715238751592793e+01,1.029996980497435644e+01,1.225559098380673007e+01,1.096124381448924368e+01,7.098718135841332710e+00,3.561580775703028223e+00,2.753652174494057303e-01,1.519503517047617047e-01,0.000000000000000000e+00,0.000000000000000000e+00,8.156220257198411039e-01,7.143530997249753156e+00,1.025893612263866927e+01,8.932658593490694798e+00,8.325234711044465996e+00,4.061251677136882066e+00,4.225023872177535722e-01,8.635093723888531692e-02,0.000000000000000000e+00,0.000000000000000000e+00,0.000000000000000000e+00,0.000000000000000000e+00
0.000000000000000000e+00,0.000000000000000000e+00,0.000000000000000000e+00,0.000000000000000000e+00,0.000000000000000000e+00,0.000000000000000000e+00,0.000000000000000000e+00,0.000000000000000000e+00,0.000000000000000000e+00,0.000000000000000000e+00,0.000000000000000000e+00,0.000000000000000000e+00,0.000000000000000000e+00,0.000000000000000000e+00,0.000000000000000000e+00,0.000000000000000000e+00,0.000000000000000000e+00,-1.441165703767537942e-01,-2.892124935378461714e-01,-1.916815316999064045e+00,-3.908481577191600387e-01,-1.632773970085171111e+00,1.963706389777561512e+00,3.697611742171820204e+00,0.000000000000000000e+00,0.000000000000000000e+00,-3.164771685948731816e-01,-4.445994058838006247e+00,-3.929468067432243750e+00,-4.912999116270592381e+00,-5.114837597978989514e+00,-5.494069662363790130e+00,1.326374419288457895e+00,-4.223823730999855641e+00,2.404806718507583430e+00,4.055042361421805630e+00,0.000000000000000000e+00,0.000000000000000000e+00,-4.327340876705408901e-01,-9.476892215303809763e+00,-7.927518506753029826e+00,-3.926680798757136159e+00,6.934291432582349035e-01,-3.617364802795751011e+00,4.457395077690559759e+00,-1.720810838331157666e-01,1.703997013046719022e+00,2.026210987766964955e+00,0.000000000000000000e+00,0.000000000000000000e+00,0.000000000000000000e+00,-1.840906048188046817e+00,-4.181689764652890773e+00,-2.765287166832131938e+00,6.561709199082381261e+00,-6.332785216531487960e-01,3.620130630865236121e+00,0.000000000000000000e+00,0.000000000000000000e+00,0.000000000000000000e+00,0.000000000000000000e+00,0.000000000000000000e+00,0.000000000000000000e+00,0.000000000000000000e+00,-9.688076589638974223e-01,-7.671941847388219493e+00,4.360910035480274338e+00,1.841548446407864859e+00,2.854411824638973361e+00,2.291221918269137070e-01,0.000000000000000000e+00,0.000000000000000000e+00,0.000000000000000000e+00,0.000000000000000000e+00,0.000000000000000000e+00,0.000000000000000000e+00,0.000000000000000000e+00,-2.404736373088504742e+00,-5.331238826869899583e+00,-2.400295544080304211e-01,3.137818272940226194e+00,3.526763115719720343e+00,0.000000000000000000e+00,0.000000000000000000e+00,0.000000000000000000e+00,0.000000000000000000e+00,0.000000000000000000e+00,0.000000000000000000e+00,0.000000000000000000e+00,0.000000000000000000e+00,-2.989370374639705119e+00,-9.430667409353016950e+00,2.028356347270215299e+00,6.478756072748396377e+00,6.048825864230522598e-01,0.000000000000000000e+00,0.000000000000000000e+00,0.000000000000000000e+00,0.000000000000000000e+00,0.000000000000000000e+00,0.000000000000000000e+00,-1.318065690425165082e+00,-5.047136055742649674e+00,-8.910235685741096034e+00,8.679934605494499245e-01,7.438960454813550172e+00,6.048825864230522598e-01,0.000000000000000000e+00,0.000000000000000000e+00,0.000000000000000000e+00,0.000000000000000000e+00,-6.398660299191083478e-01,-4.482541317377980228e+00,-7.494716997642795420e+00,-4.138990834919112238e+00,-9.042613633048580679e-01,1.882376370358993967e+00,4.586742401438264061e+00,1.832977534615309878e-02,0.000000000000000000e+00,0.000000000000000000e+00,-1.621659722798514558e+00,-4.818472505589372901e+00,-6.839215733194969005e+00,-6.335030038605770741e+00,-5.748533978480366846e-01,1.145303267341198250e+00,1.903917783291062094e+00,1.961258053201385909e+00,7.148612384999708524e-01,0.000000000000000000e+00,0.000000000000000000e+00,0.000000000000000000e+00,-4.518686166566858731e+00,-4.693166885306683689e+00,-2.312406580305768955e+00,-4.296220934902618138e-01,2.034725415409222471e+00,2.355581930183660688e+00,7.165448490086780975e-01,0.000000000000000000e+00,0.000000000000000000e+00,0.000000000000000000e+00,0.000000000000000000e+00
0.000000000000000000e+00,0.000000000000000000e+00,0.000000000000000000e+00,0.000000000000000000e+00,0.000000000000000000e+00,0.000000000000000000e+00,0.000000000000000000e+00,0.000000000000000000e+00,0.000000000000000000e+00,0.000000000000000000e+00,0.000000000000000000e+00,0.000000000000000000e+00,0.000000000000000000e+00,0.000000000000000000e+00,0.000000000000000000e+00,0.000000000000000000e+00,0.000000000000000000e+00,-1.260683482628477958e-01,-2.818879607770087281e-01,-2.072097450359252857e+00,-2.010796239135483887e+00,-3.887142333374219660e+00,-2.902026806719737451e+00,-9.076717012715166399e-01,0.000000000000000000e+00,0.000000000000000000e+00,-2.639950226027859559e-01,-4.125643870650221423e+00,-7.295182413425917112e+00,-9.183605939413400421e+00,-1.062652961712141142e+01,-1.221831013669749133e+01,-9.685114438484422550e+00,-9.646754988237237427e+00,-5.508471406174704654e+00,-1.365081062542202295e+00,0.000000000000000000e+00,0.000000000000000000e+00,-3.609727860078910111e-01,-8.808047183853460638e+00,-1.429484679468532882e+01,-1.615888649872960769e+01,-1.258415239758781468e+01,-9.540101639226167052e+00,-4.826981234114313679e+00,-1.288748548967129315e+00,-3.762387106795984648e-01,0.000000000000000000e+00,0.000000000000000000e+00,0.000000000000000000e+00,0.000000000000000000e+00,-1.691650028365798475e+00,-4.515354443541751195e+00,-1.100048427416351515e+01,-5.455105622315808311e+00,-1.466861236579849459e+00,-2.125744790507493320e-01,0.000000000000000000e+00,0.000000000000000000e+00,0.000000000000000000e+00,0.000000000000000000e+00,0.000000000000000000e+00,0.000000000000000000e+00,0.000000000000000000e+00,-8.081480283758755156e-01,-8.664368335516339670e+00,-7.482431705239681818e+00,-1.086774011291265385e+00,-7.147021269854462490e-03,0.000000000000000000e+00,0.000000000000000000e+00,0.000000000000000000e+00,0.000000000000000000e+00,0.000000000000000000e+00,0.000000000000000000e+00,0.000000000000000000e+00,0.000000000000000000e+00,-2.074214590920544055e+00,-8.310843812264183228e+00,-8.463075235024732024e+00,-2.819986656974271533e+00,-1.929695742860704777e-01,0.000000000000000000e+00,0.000000000000000000e+00,0.000000000000000000e+00,0.000000000000000000e+00,0.000000000000000000e+00,0.000000000000000000e+00,0.000000000000000000e+00,0.000000000000000000e+00,-2.671115376823467003e+00,-1.100112512408395915e+01,-1.065482578080255749e+01,-3.269695290310203450e+00,0.000000000000000000e+00,0.000000000000000000e+00,0.000000000000000000e+00,0.000000000000000000e+00,0.000000000000000000e+00,0.000000000000000000e+00,0.000000000000000000e+00,-1.175550324481519304e+00,-5.003988553272281870e+00,-1.227495575084074986e+01,-1.286162244414882849e+01,-4.519193526358721513e+00,0.000000000000000000e+00,0.000000000000000000e+00,0.000000000000000000e+00,0.000000000000000000e+00,0.000000000000000000e+00,-5.786129497280793066e-01,-4.399200491919544653e+00,-9.966065242049966244e+00,-1.533060489428134865e+01,-1.092359772650525862e+01,-4.822070780890579833e+00,-1.300757871113511932e+00,0.000000000000000000e+00,0.000000000000000000e+00,0.000000000000000000e+00,-1.460003794929620291e+00,-4.937663687343770036e+00,-9.364694436930644628e+00,-1.504555730878426445e+01,-1.132642606570148125e+01,-5.519257105064273361e+00,-1.448992435969846948e+00,-1.429404253970892498e-02,0.000000000000000000e+00,0.000000000000000000e+00,0.000000000000000000e+00,0.000000000000000000e+00,-4.141853316341267188e+00,-8.474552148147004971e+00,-9.166933641056168369e+00,-5.773917603318694525e+00,-1.883063677269026348e+00,-7.861723396839907785e-02,0.000000000000000000e+00,0.000000000000000000e+00,0.000000000000000000e+00,0.000000000000000000e+00,0.000000000000000000e+00
0.000000000000000000e+00,0.000000000000000000e+00,0.000000000000000000e+00,0.000000000000000000e+00,0.000000000000000000e+00,0.000000000000000000e+00,0.000000000000000000e+00,0.000000000000000000e+00,0.000000000000000000e+00,0.000000000000000000e+00,0.000000000000000000e+00,0.000000000000000000e+00,0.000000000000000000e+00,0.000000000000000000e+00,1.690572176102188295e-01,9.003617518726332314e-01,3.240306989969478302e+00,7.135064940008526868e+00,9.751454297967475426e+00,1.107539459026429007e+01,1.198994571259201436e+01,1.444690707975743749e+01,1.303132556908940387e+01,7.757481142007352837e+00,0.000000000000000000e+00,0.000000000000000000e+00,3.487927311787451856e+00,1.013123850917001967e+01,2.031145550352212936e+01,2.389627522127577564e+01,2.605377801446353914e+01,2.701222627473271842e+01,2.199395907093103375e+01,1.726449669847667678e+01,1.488352104730422099e+01,8.458187640535587803e+00,0.000000000000000000e+00,0.000000000000000000e+00,3.938746558748035032e+00,1.238848618497799770e+01,2.738986046676055963e+01,3.023710760720723556e+01,2.875282539583279018e+01,2.608408687291219508e+01,2.055276640492982310e+01,1.086607658862737225e+01,8.689614751682054106e+00,4.142631728460808738e+00,0.000000000000000000e+00,0.000000000000000000e+00,1.884700706059482478e+00,6.764352028554707630e+00,2.182262230658918867e+01,2.276068531777620052e+01,2.083931564413902748e+01,9.060142507124753664e+00,7.096899151760323043e+00,0.000000000000000000e+00,0.000000000000000000e+00,0.000000000000000000e+00,0.000000000000000000e+00,0.000000000000000000e+00,0.000000000000000000e+00,1.610070621214638176e-01,7.743722046509050827e+00,1.502175545585746974e+01,1.984549461964252970e+01,1.393323238114786378e+01,6.647962883442977144e+00,4.491708323898938593e-01,0.000000000000000000e+00,0.000000000000000000e+00,0.000000000000000000e+00,0.000000000000000000e+00,0.000000000000000000e+00,0.000000000000000000e+00,1.390006991853714347e+00,9.630829343921050167e+00,1.988034541131762012e+01,1.993938004503301897e+01,1.805679774477049904e+01,7.483805365833110734e+00,0.000000000000000000e+00,0.000000000000000000e+00,0.000000000000000000e+00,0.000000000000000000e+00,0.000000000000000000e+00,0.000000000000000000e+00,0.000000000000000000e+00,2.504980534746434895e+00,9.606061966681240349e+00,2.175387298013007964e+01,2.502516281339834947e+01,1.641936759287835201e+01,1.185810997509319842e+00,0.000000000000000000e+00,0.000000000000000000e+00,0.000000000000000000e+00,0.000000000000000000e+00,1.352457740881750636e-01,2.707230375886747087e+00,9.223639409121023647e+00,1.763744089120130454e+01,2.607313175131862693e+01,2.664908948954764867e+01,1.806684583306554259e+01,1.185810997509319842e+00,0.000000000000000000e+00,0.000000000000000000e+00,1.014343305661313116e-01,3.244156999589833834e+00,9.140901852598680932e+00,1.645708560235586759e+01,2.441698697347632674e+01,2.600812160934967210e+01,2.577011292227215478e+01,2.179200786244083332e+01,1.008646947559536322e+01,3.593366659119150847e-02,0.000000000000000000e+00,1.076330952118393247e+00,7.333499979392656520e+00,1.865493771608711882e+01,2.412484513791754992e+01,2.578296485124421267e+01,2.607421942712738883e+01,2.386172703654481353e+01,1.493644369198558408e+01,6.671154790017121528e+00,1.401412997056468823e+00,0.000000000000000000e+00,0.000000000000000000e+00,1.076330952118393247e+00,7.333499979392656520e+00,1.852532718258595068e+01,2.221421184425846107e+01,2.164367302182667530e+01,1.641370156781500711e+01,7.675455420736623680e+00,1.428683142329263633e+00,0.000000000000000000e+00,0.000000000000000000e+00,0.000000000000000000e+00,0.000000000000000000e+00
0.000000000000000000e+00,0.000000000000000000e+00,0.000000000000000000e+00,0.000000000000000000e+00,0.000000000000000000e+00,0.000000000000000000e+00,0.000000000000000000e+00,0.000000000000000000e+00,0.000000000000000000e+00,0.000000000000000000e+00,0.000000000000000000e+00,0.000000000000000000e+00,0.000000000000000000e+00,0.000000000000000000e+00,0.000000000000000000e+00,0.000000000000000000e+00,0.000000000000000000e+00,-1.106759424539021930e-01,-1.487265817984387006e-01,1.141280806568423234e-01,2.737170966922523263e+00,1.392629464914938442e+00,5.040702299361514704e+00,4.903935437938189423e+00,0.000000000000000000e+00,0.000000000000000000e+00,-4.407721473945525603e-01,-1.859301665535556536e+00,4.528725303179532702e-01,1.664035707631747352e+00,1.347071629746185328e+00,3.682980484247523556e+00,6.456008960800645013e+00,2.007627806395827719e+00,5.584968113962365699e+00,5.424364931692737812e+00,0.000000000000000000e+00,0.000000000000000000e+00,-6.026884464374493433e-01,-4.435060409828635031e+00,6.684696920225565719e-01,5.734631382990575510e+00,7.137831245626700571e+00,5.515888603645059618e+00,8.271178711392410676e+00,1.484955574581343640e+00,3.212533318461936904e+00,2.789419939271154281e+00,0.000000000000000000e+00,0.000000000000000000e+00,0.000000000000000000e+00,-7.565159817052444780e-01,-2.370137594531055214e+00,6.237208954172340114e+00,9.130352903632424244e+00,2.386194951524085894e+00,5.271016667514005327e+00,0.000000000000000000e+00,0.000000000000000000e+00,0.000000000000000000e+00,0.000000000000000000e+00,0.000000000000000000e+00,0.000000000000000000e+00,4.300461053971470216e-02,-1.349302492024140321e+00,4.546393312027263711e-01,8.405254456526687790e+00,5.277424013275689774e+00,4.285496557420142238e+00,3.336086498426585889e-01,0.000000000000000000e+00,0.000000000000000000e+00,0.000000000000000000e+00,0.000000000000000000e+00,0.000000000000000000e+00,0.000000000000000000e+00,0.000000000000000000e+00,-2.766502781662132371e+00,1.355474008015948861e+00,4.608279336348930499e+00,6.907085191906810806e+00,4.597386288793629205e+00,0.000000000000000000e+00,0.000000000000000000e+00,0.000000000000000000e+00,0.000000000000000000e+00,0.000000000000000000e+00,0.000000000000000000e+00,0.000000000000000000e+00,0.000000000000000000e+00,-2.648456439184239564e+00,7.027156343404472594e-02,1.060076201080717517e+01,8.887415591931580039e+00,8.807268355846186170e-01,0.000000000000000000e+00,0.000000000000000000e+00,0.000000000000000000e+00,0.000000000000000000e+00,0.000000000000000000e+00,0.000000000000000000e+00,-1.186454759346545984e+00,-1.232974892505271258e+00,9.490930625036944068e-01,1.065591801021333396e+01,1.066551726457484861e+01,8.807268355846186170e-01,0.000000000000000000e+00,0.000000000000000000e+00,0.000000000000000000e+00,0.000000000000000000e+00,-5.082645899770166231e-01,-2.188366157319473260e+00,1.082373625562271791e-01,4.454816563763358772e+00,5.242469004447336545e+00,7.863565552844580253e+00,5.735523556148509172e+00,2.668869198741268683e-02,0.000000000000000000e+00,0.000000000000000000e+00,-1.342914631800074199e+00,-7.609683559917970186e-01,3.247334462767250685e-01,2.101617403110931370e+00,5.613126460874883428e+00,5.808474469973292642e+00,4.839735094345700261e+00,3.689993194325258852e+00,1.040858987509094780e+00,0.000000000000000000e+00,0.000000000000000000e+00,0.000000000000000000e+00,-3.113595695049617973e+00,8.744643694170743942e-01,2.309577108247061084e+00,3.665788750448347066e+00,5.423902086672550027e+00,4.294752866795200852e+00,1.020697473101114028e+00,0.000000000000000000e+00,0.000000000000000000e+00,0.000000000000000000e+00,0.000000000000000000e+00
0.000000000000000000e+00,0.000000000000000000e+00,0.000000000000000000e+00,0.000000000000000000e+00,0.000000000000000000e+00,0.000000000000000000e+00,0.000000000000000000e+00,0.000000000000000000e+00,0.000000000000000000e+00,0.000000000000000000e+00,0.000000000000000000e+00,0.000000000000000000e+00,0.000000000000000000e+00,0.000000000000000000e+00,0.000000000000000000e+00,1.177131368449756826e-01,2.750779796068087424e-01,8.512820522341985052e-02,4.503613585264999719e-02,4.072954731319333166e-01,4.490740899115421847e-01,9.050839651196402880e-01,2.131993823684150691e-01,-1.005512475825604657e+00,0.000000000000000000e+00,0.000000000000000000e+00,-2.418460925265940586e-01,2.047163025145496640e+00,-7.611703863934858871e-01,-1.113130246799357126e+00,-1.370314647380024731e+00,-3.056844559233744540e-01,-2.228612240270709588e+00,3.084649311493363744e-01,-7.755461223784498870e-01,-1.512227424273153265e+00,0.000000000000000000e+00,0.000000000000000000e+00,-3.306875142710571924e-01,2.510344209530080306e+00,-1.891829591049550174e+00,1.554017305548975880e-01,-4.760834749419225354e+00,1.866266949205927173e+00,-4.491855119480351100e+00,-2.946242878868107207e-01,-3.262156962702358332e-01,0.000000000000000000e+00,0.000000000000000000e+00,0.000000000000000000e+00,0.000000000000000000e+00,1.915098871191522001e+00,-6.630066643992685860e-01,4.240028275374463362e+00,-5.712168425603812771e+00,2.132506853944365233e+00,-5.082044492543844605e-01,0.000000000000000000e+00,0.000000000000000000e+00,0.000000000000000000e+00,0.000000000000000000e+00,0.000000000000000000e+00,0.000000000000000000e+00,1.329158229477951370e-01,-7.265361310669895545e-01,3.173853433009066194e+00,-1.368686403098920090e+00,-1.374587442809570348e+00,-7.917421069492948729e-03,0.000000000000000000e+00,0.000000000000000000e+00,0.000000000000000000e+00,0.000000000000000000e+00,0.000000000000000000e+00,0.000000000000000000e+00,0.000000000000000000e+00,0.000000000000000000e+00,2.466899531546075774e+00,1.358445513024408857e+00,-8.310897832424606335e-01,-2.877972748513753842e+00,-2.137703688763096521e-01,0.000000000000000000e+00,0.000000000000000000e+00,0.000000000000000000e+00,0.000000000000000000e+00,0.000000000000000000e+00,0.000000000000000000e+00,0.000000000000000000e+00,0.000000000000000000e+00,5.719598544109767424e-01,2.224132316050797975e+00,3.583616619497487221e-01,-3.735482461467677595e+00,0.000000000000000000e+00,0.000000000000000000e+00,0.000000000000000000e+00,0.000000000000000000e+00,0.000000000000000000e+00,0.000000000000000000e+00,0.000000000000000000e+00,2.667084126409237088e-01,2.684794618803385546e-01,1.200101650258865060e+00,5.779915758187681440e-01,-5.123209789450581475e+00,0.000000000000000000e+00,0.000000000000000000e+00,0.000000000000000000e+00,0.000000000000000000e+00,4.697257614995985486e-01,4.796061198322773000e-01,3.009782450834684320e-01,-4.528431105796530964e-01,-1.200229743459983345e+00,-3.009533805817466323e+00,-2.175572155078542735e+00,-1.440970634647716908e+00,0.000000000000000000e+00,0.000000000000000000e+00,0.000000000000000000e+00,1.523705822541651322e+00,1.042001532203564729e-01,-3.428718772917080937e-01,-1.075371388941200657e+00,-1.869970380123687104e+00,-2.358394101246285235e+00,-1.707448049305818616e+00,-1.583484213898589746e-02,0.000000000000000000e+00,0.000000000000000000e+00,0.000000000000000000e+00,0.000000000000000000e+00,1.612547244286114623e+00,2.438694758655501893e-01,-1.101141579060925579e+00,-1.587688630902339249e+00,-2.076133552375813984e+00,-8.709163176442243082e-02,0.000000000000000000e+00,0.000000000000000000e+00,0.000000000000000000e+00,0.000000000000000000e+00,0.000000000000000000e+00
0.000000000000000000e+00,0.000000000000000000e+00,0.000000000000000000e+00,0.000000000000000000e+00,0.000000000000000000e+00,0.000000000000000000e+00,0.000000000000000000e+00,0.000000000000000000e+00,0.000000000000000000e+00,0.000000000000000000e+00,0.000000000000000000e+00,0.000000000000000000e+00,0.000000000000000000e+00,0.000000000000000000e+00,3.510154914132498916e-01,1.099685710431342223e+00,1.847108161323055553e+00,2.783894757365546813e+00,3.332547990805293736e+00,3.584954326433851701e+00,3.448876697127020385e+00,4.344098337463414339e+00,8.266841697507758546e-01,-5.316659742808711453e-01,0.000000000000000000e+00,0.000000000000000000e+00,5.656093513975955389e+00,6.763797152171374449e+00,5.712286034167659565e+00,6.646844809723859271e+00,7.128732119297156444e+00,7.261819179450448303e+00,3.375622191147575446e+00,4.483308802351664291e+00,2.490613112606210322e-01,-7.995921345483968379e-01,0.000000000000000000e+00,0.000000000000000000e+00,6.592134824411288285e+00,7.977654345600932118e+00,8.897013769388223636e+00,8.419175500290688063e+00,5.380806719336085564e+00,7.540373266520045803e+00,2.345201635472216051e-01,2.135159680855819531e+00,-2.052692671334677699e-01,0.000000000000000000e+00,0.000000000000000000e+00,0.000000000000000000e+00,3.487155243432886742e+00,4.775088208654389987e+00,1.012323285423914676e+01,8.003691234197638948e+00,3.471754144278937915e-01,3.692451554414256876e+00,-6.484409514781952488e-02,0.000000000000000000e+00,0.000000000000000000e+00,0.000000000000000000e+00,0.000000000000000000e+00,0.000000000000000000e+00,0.000000000000000000e+00,1.638072293261833290e-01,8.304386314019726711e+00,8.820488311012997684e+00,3.066253040793994966e+00,-5.896754059549220717e-01,-4.186346254180088947e-03,0.000000000000000000e+00,0.000000000000000000e+00,0.000000000000000000e+00,0.000000000000000000e+00,0.000000000000000000e+00,0.000000000000000000e+00,0.000000000000000000e+00,2.625711146848770383e+00,6.594783832177319560e+00,6.969960227273146458e+00,5.193907801536418845e+00,-2.570992578487163449e-01,-1.130313488628623964e-01,0.000000000000000000e+00,0.000000000000000000e+00,0.000000000000000000e+00,0.000000000000000000e+00,0.000000000000000000e+00,0.000000000000000000e+00,0.000000000000000000e+00,3.283800973989606575e+00,6.597034806766744808e+00,1.131767886616023588e+01,5.807245768760672888e+00,-1.890415959827958181e+00,0.000000000000000000e+00,0.000000000000000000e+00,0.000000000000000000e+00,0.000000000000000000e+00,0.000000000000000000e+00,2.808123931305999688e-01,2.988521331673285708e+00,5.643349947568149005e+00,6.378558588077803293e+00,1.059749705917933937e+01,7.558052728178181745e+00,-2.621530855688928519e+00,0.000000000000000000e+00,0.000000000000000000e+00,0.000000000000000000e+00,2.106092948479499627e-01,2.737644285619662554e+00,4.998121226269977235e+00,7.604404161152384489e+00,7.865253525455255357e+00,7.609470730519102943e+00,5.166483301443236975e+00,1.493527825065148029e+00,-7.619150182607759003e-01,0.000000000000000000e+00,0.000000000000000000e+00,2.234798628664357967e+00,5.691210271249975250e+00,7.127511206508099662e+00,7.207906815613205787e+00,7.998370581294629744e+00,5.326605715955719411e+00,1.946598219153567566e+00,5.635451730518914459e-02,-8.372692508360177893e-03,0.000000000000000000e+00,0.000000000000000000e+00,0.000000000000000000e+00,2.234798628664357967e+00,5.691210271249975250e+00,7.127511206508099662e+00,5.496343030461423140e+00,3.217783225656849488e+00,-1.192399266929151658e-01,-4.604980879598098015e-02,0.000000000000000000e+00,0.000000000000000000e+00,0.000000000000000000e+00,0.000000000000000000e+00,0.000000000000000000e+00
0.000000000000000000e+00,0.000000000000000000e+00,0.000000000000000000e+00,0.000000000000000000e+00,0.000000000000000000e+00,0.000000000000000000e+00,0.000000000000000000e+00,0.000000000000000000e+00,0.000000000000000000e+00,0.000000000000000000e+00,0.000000000000000000e+00,0.000000000000000000e+00,0.000000000000000000e+00,0.000000000000000000e+00,6.253661820095886281e-02,2.938451941569962811e-01,4.840674272742911954e-01,1.361794341358523452e-01,1.195638115944425706e-01,9.280938593318066587e-01,-6.988004066378141754e-01,6.950582278514326751e-01,-1.431930122255938853e+00,-5.547854396445077718e-01,0.000000000000000000e+00,0.000000000000000000e+00,1.503833898967620764e+00,3.953115128866739436e+00,-9.342238180664693692e-01,-1.496406556149407319e+00,-2.645100032989849304e+00,-2.043709417885961166e+00,-5.070356289059853694e+00,-3.917169063324761336e-01,-4.295859272331223444e+00,-8.343623541110313235e-01,0.000000000000000000e+00,0.000000000000000000e+00,1.670598214170177620e+00,4.861775549687314069e+00,-8.615107725872215294e-01,-3.559921773433857073e+00,-4.218535250934442260e+00,-1.441648124391166075e+00,-3.064311234385014959e+00,-5.831716369580290937e-01,-6.687325464232030114e-01,0.000000000000000000e+00,0.000000000000000000e+00,0.000000000000000000e+00,7.545623794590640143e-01,2.866745735669399942e+00,4.123587053763870358e+00,1.930970541823808562e+00,-3.586460989870902782e+00,6.555792980573724726e-01,-6.727319504350723900e-01,0.000000000000000000e+00,0.000000000000000000e+00,0.000000000000000000e+00,0.000000000000000000e+00,0.000000000000000000e+00,0.000000000000000000e+00,1.041918050207599478e-01,3.668963074199638186e+00,3.634707006736961343e+00,-5.218767000703696368e+00,-1.866087285361407666e+00,-4.368389288539430496e-03,0.000000000000000000e+00,0.000000000000000000e+00,0.000000000000000000e+00,0.000000000000000000e+00,0.000000000000000000e+00,0.000000000000000000e+00,0.000000000000000000e+00,5.492517623563348828e-01,3.030984255573689445e+00,1.347162073356092726e+00,-2.456390220775597655e+00,-3.335513221037718079e+00,-1.179465107905646182e-01,0.000000000000000000e+00,0.000000000000000000e+00,0.000000000000000000e+00,0.000000000000000000e+00,0.000000000000000000e+00,0.000000000000000000e+00,0.000000000000000000e+00,1.184861254161892585e+00,2.534556485287279060e+00,2.036409842373227086e+00,-5.235099245795813871e+00,-2.718527721644004025e+00,0.000000000000000000e+00,0.000000000000000000e+00,0.000000000000000000e+00,0.000000000000000000e+00,0.000000000000000000e+00,5.002929456076708747e-02,1.112442477814680641e+00,1.387657356477778769e+00,1.057632436119601671e+00,1.952183154044281110e+00,-4.182655877371374231e+00,-3.504744705921225112e+00,0.000000000000000000e+00,0.000000000000000000e+00,0.000000000000000000e+00,3.752197092057531214e-02,1.555889462642672694e+00,7.252901628800025868e-01,1.675375895817435623e+00,7.857584335050371571e-02,-1.918216605727109725e+00,-5.387138593862636604e+00,-4.231404091907036147e+00,-7.950468505141765618e-01,0.000000000000000000e+00,0.000000000000000000e+00,3.981498025461047141e-01,2.278970064257801020e+00,7.195215039135878232e-01,-8.740595314517773939e-01,-1.162494023170215218e+00,-4.884715263872810631e+00,-3.947698160657245658e+00,-1.770498613277492472e+00,-8.736778577078860991e-03,0.000000000000000000e+00,0.000000000000000000e+00,0.000000000000000000e+00,3.981498025461047141e-01,2.278970064257801020e+00,-4.199444146928519306e-01,-3.208210546026981191e+00,-2.900646193909633297e+00,-2.501853198228655373e+00,-4.805228217393373025e-02,0.000000000000000000e+00,0.000000000000000000e+00,0.000000000000000000e+00,0.000000000000000000e+00,0.000000000000000000e+00
0.000000000000000000e+00,0.000000000000000000e+00,0.000000000000000000e+00,0.000000000000000000e+00,0.000000000000000000e+00,0.000000000000000000e+00,0.000000000000000000e+00,0.000000000000000000e+00,0.000000000000000000e+00,0.000000000000000000e+00,0.000000000000000000e+00,0.000000000000000000e+00,0.000000000000000000e+00,0.000000000000000000e+00,5.905572054369867541e-03,0.000000000000000000e+00,5.905572054369888357e-04,-7.574433243389480652e-03,-2.352372823817676095e-01,-6.335087115000547220e-01,-1.921445462361561551e+00,-9.277914676808081129e-01,-3.128110641767587463e+00,-7.120944419928104674e-02,0.000000000000000000e+00,0.000000000000000000e+00,1.318911092142605046e-02,-1.435121360074858465e+00,-4.298147625897617452e+00,-5.813428490869684495e+00,-7.411973596256119734e+00,-7.844327690715603651e+00,-6.316663775127931757e+00,-4.874657490622464451e+00,-5.914517287500673959e+00,-1.070945184414384133e-01,0.000000000000000000e+00,0.000000000000000000e+00,1.318911092142605046e-02,-2.539074786945955342e+00,-9.278540873623750684e+00,-1.294386542171028864e+01,-6.657505492084673904e+00,-6.572528871672817630e+00,-1.596705931481947172e+00,-1.080598480805550210e+00,-4.284223628460208100e-01,0.000000000000000000e+00,0.000000000000000000e+00,0.000000000000000000e+00,1.574819214498640596e-02,-2.630091310522078007e-01,-2.066062248906630039e+00,-9.102504026938827764e+00,-1.250281329573947886e+00,-1.755779819348624038e-01,-8.634845989519113196e-02,0.000000000000000000e+00,0.000000000000000000e+00,0.000000000000000000e+00,0.000000000000000000e+00,0.000000000000000000e+00,0.000000000000000000e+00,2.755933625372616880e-03,2.952786027184938628e-02,-3.147851539653435005e+00,-4.029155394827826697e+00,-1.192866705238073255e+00,-5.607042850337088519e-04,0.000000000000000000e+00,0.000000000000000000e+00,0.000000000000000000e+00,0.000000000000000000e+00,0.000000000000000000e+00,0.000000000000000000e+00,0.000000000000000000e+00,6.889834063431521383e-03,-6.632091883656265896e-02,-5.066566556314070269e+00,-7.934288921624110813e+00,-2.090715802107400823e+00,-1.513901569591012686e-02,0.000000000000000000e+00,0.000000000000000000e+00,0.000000000000000000e+00,0.000000000000000000e+00,0.000000000000000000e+00,0.000000000000000000e+00,0.000000000000000000e+00,1.791356856492198890e-02,-2.718842223706526839e-01,-5.193013188571066863e+00,-9.125370827969906173e+00,-9.111308804984150633e-01,0.000000000000000000e+00,0.000000000000000000e+00,0.000000000000000000e+00,0.000000000000000000e+00,0.000000000000000000e+00,4.724457643495910686e-03,7.677243670680872212e-03,-1.153969387199234031e-01,-2.469103961064797126e+00,-5.978247798382318123e+00,-1.137760400662403626e+01,-1.029614280270808369e+00,0.000000000000000000e+00,0.000000000000000000e+00,0.000000000000000000e+00,3.543343232621926076e-03,4.527605241683593795e-03,-7.224402779647359774e-02,-1.490840655114853419e+00,-5.641372727254824859e+00,-9.675563218884317251e+00,-8.000820584941813252e+00,-4.269224175725079284e+00,-1.020481798761350145e-01,0.000000000000000000e+00,0.000000000000000000e+00,3.759880874615495472e-02,-1.699672889484882266e-01,-2.602592028025838111e+00,-6.174997167250182883e+00,-8.683973655451941553e+00,-8.570035323694392915e+00,-4.398509756062212617e+00,-9.480637085914928042e-01,-1.121408570067417704e-03,0.000000000000000000e+00,0.000000000000000000e+00,0.000000000000000000e+00,3.759880874615495472e-02,-6.241694982024859062e-01,-6.109157365736695766e+00,-6.379562134199140644e+00,-5.074241375185622793e+00,-1.540498262305157295e+00,-6.167747135370802575e-03,0.000000000000000000e+00,0.000000000000000000e+00,0.000000000000000000e+00,0.000000000000000000e+00,0.000000000000000000e+00
0.000000000000000000e+00,0.000000000000000000e+00,0.000000000000000000e+00,0.000000000000000000e+00,0.000000000000000000e+00,0.000000000000000000e+00,0.000000000000000000e+00,0.000000000000000000e+00,0.000000000000000000e+00,0.000000000000000000e+00,0.000000000000000000e+00,0.000000000000000000e+00,0.000000000000000000e+00,0.000000000000000000e+00,0.000000000000000000e+00,0.000000000000000000e+00,0.000000000000000000e+00,-1.508320601155421214e-01,-3.381554473971982722e-01,-1.541101383837464311e+00,-2.343186050237215490e+00,-3.589901705188939030e+00,-3.765506997006408785e+00,-7.747542068890763689e-01,0.000000000000000000e+00,0.000000000000000000e+00,-3.992588997646764337e-01,-3.130351277916439301e+00,-7.812364844909383876e+00,-1.032882035265513565e+01,-1.191009202037819747e+01,-1.330557534605303616e+01,-1.209062091350400436e+01,-1.051432250900359833e+01,-7.598826965721444893e+00,-1.165181523746563697e+00,0.000000000000000000e+00,0.000000000000000000e+00,-5.459254343721086089e-01,-6.805385038466837067e+00,-1.713325198609229361e+01,-1.877814900288857558e+01,-1.371854184797220100e+01,-8.778972715263394733e+00,-5.488552449491196583e+00,-1.570877150835574776e+00,-6.627119406543594549e-01,0.000000000000000000e+00,0.000000000000000000e+00,0.000000000000000000e+00,0.000000000000000000e+00,-1.496264618175347838e+00,-6.576122022759355978e+00,-1.257566441570719640e+01,-5.535826262345276305e+00,-5.678504543233507951e-01,-9.394657311883289896e-01,0.000000000000000000e+00,0.000000000000000000e+00,0.000000000000000000e+00,0.000000000000000000e+00,0.000000000000000000e+00,0.000000000000000000e+00,0.000000000000000000e+00,-1.222221121728601201e+00,-8.131988778969819975e+00,-8.269099839168651656e+00,-1.866623676226890183e+00,-6.100426825898239494e-03,0.000000000000000000e+00,0.000000000000000000e+00,0.000000000000000000e+00,0.000000000000000000e+00,0.000000000000000000e+00,0.000000000000000000e+00,0.000000000000000000e+00,0.000000000000000000e+00,-2.672299138905348315e+00,-8.583795447862318184e+00,-1.065307233044556767e+01,-3.753728595138421831e+00,-1.647115242992524542e-01,0.000000000000000000e+00,0.000000000000000000e+00,0.000000000000000000e+00,0.000000000000000000e+00,0.000000000000000000e+00,0.000000000000000000e+00,0.000000000000000000e+00,0.000000000000000000e+00,-2.831537023171974532e+00,-1.222820247603884525e+01,-1.209672419983074043e+01,-3.351411324438569928e+00,0.000000000000000000e+00,0.000000000000000000e+00,0.000000000000000000e+00,0.000000000000000000e+00,0.000000000000000000e+00,0.000000000000000000e+00,0.000000000000000000e+00,-1.260076671710983476e+00,-5.089352608861798188e+00,-1.390229379592904024e+01,-1.412199796971542298e+01,-4.435452072222251907e+00,0.000000000000000000e+00,0.000000000000000000e+00,0.000000000000000000e+00,0.000000000000000000e+00,0.000000000000000000e+00,-5.697129891227611376e-01,-4.003133767264834830e+00,-1.050851088200983696e+01,-1.639389295234540356e+01,-1.248814101959040102e+01,-5.734935913345989178e+00,-1.110277682313479675e+00,0.000000000000000000e+00,0.000000000000000000e+00,0.000000000000000000e+00,-1.477848187230812460e+00,-5.545211833798348700e+00,-1.032735568786496572e+01,-1.580065798741113170e+01,-1.328448725546748221e+01,-6.489114445253436614e+00,-1.932440526651693746e+00,-1.220085365179647899e-02,0.000000000000000000e+00,0.000000000000000000e+00,0.000000000000000000e+00,0.000000000000000000e+00,-3.728164968914038813e+00,-9.452272663114264617e+00,-1.059094886636160560e+01,-6.981395797995931574e+00,-2.696377109487374746e+00,-6.710469508488063617e-02,0.000000000000000000e+00,0.000000000000000000e+00,0.000000000000000000e+00,0.000000000000000000e+00,0.000000000000000000e+00
0.000000000000000000e+00,0.000000000000000000e+00,0.000000000000000000e+00,0.000000000000000000e+00,0.000000000000000000e+00,0.000000000000000000e+00,0.000000000000000000e+00,0.000000000000000000e+00,0.000000000000000000e+00,0.000000000000000000e+00,0.000000000000000000e+00,0.000000000000000000e+00,0.000000000000000000e+00,0.000000000000000000e+00,0.000000000000000000e+00,0.000000000000000000e+00,0.000000000000000000e+00,-4.325979933172503789e-02,-9.350957103533108494e-02,-9.717853961557002540e-01,1.411109044759949249e+00,-9.214977672775455098e-01,2.488523275177092042e+00,3.238521616899569189e+00,0.000000000000000000e+00,0.000000000000000000e+00,-2.667651928782660553e-02,-1.991640903416147079e+00,-1.383302392209722065e+00,-1.388601259196576621e+00,-9.986071994329481782e-01,-1.822930411005995843e+00,3.542333668833526961e+00,-1.988730785337456730e+00,2.962491894044843477e+00,3.451789598764192668e+00,0.000000000000000000e+00,0.000000000000000000e+00,-3.647605698539556351e-02,-5.197983256958538689e+00,-1.501265529058123604e+00,1.598243181173493177e-01,3.589401951341077535e+00,-2.010676380234084348e+00,4.665860046514189285e+00,1.552649254572548987e-01,1.922193226271286859e+00,1.554869709525082300e+00,0.000000000000000000e+00,0.000000000000000000e+00,0.000000000000000000e+00,-9.848248329434242665e-01,-3.391736804226699875e-01,3.757402052199476650e-01,7.437899829529986739e+00,-1.095595599269655329e-01,3.284720374556951761e+00,0.000000000000000000e+00,0.000000000000000000e+00,0.000000000000000000e+00,0.000000000000000000e+00,0.000000000000000000e+00,0.000000000000000000e+00,0.000000000000000000e+00,-8.166281414640794156e-02,-3.988037215714553163e+00,3.926682269493439570e+00,2.459081003516869757e+00,2.211376330460165462e+00,1.367102447850151448e-01,0.000000000000000000e+00,0.000000000000000000e+00,0.000000000000000000e+00,0.000000000000000000e+00,0.000000000000000000e+00,0.000000000000000000e+00,0.000000000000000000e+00,-5.656725600994432224e-01,-1.376276166788290789e+00,1.660871388371946811e+00,2.995315995045162882e+00,3.260886095784942817e+00,0.000000000000000000e+00,0.000000000000000000e+00,0.000000000000000000e+00,0.000000000000000000e+00,0.000000000000000000e+00,0.000000000000000000e+00,0.000000000000000000e+00,0.000000000000000000e+00,-1.195708298213450815e+00,-3.640740204327384433e+00,2.504003020731276230e+00,7.116305905150754896e+00,3.609150462324399733e-01,0.000000000000000000e+00,0.000000000000000000e+00,0.000000000000000000e+00,0.000000000000000000e+00,0.000000000000000000e+00,0.000000000000000000e+00,-5.155573778684847674e-01,-2.434602798657360623e+00,-2.582436401217439226e+00,1.662991385032508873e+00,8.329796600576562682e+00,3.609150462324399733e-01,0.000000000000000000e+00,0.000000000000000000e+00,0.000000000000000000e+00,0.000000000000000000e+00,-2.924603107529493706e-01,-2.433525179013944051e+00,-3.203286999028893689e+00,-1.239955302886799338e-01,1.159114049339562413e+00,2.036194307279179938e+00,4.827914987295964799e+00,1.093681958280121047e-02,0.000000000000000000e+00,0.000000000000000000e+00,-7.070781568474091561e-01,-1.911739492256570028e+00,-1.605872362483212301e+00,-1.365116012293656311e+00,1.636407640243848327e+00,1.641673485179737435e+00,1.806764502577072218e+00,1.829578147878497596e+00,4.265359637292471806e-01,0.000000000000000000e+00,0.000000000000000000e+00,0.000000000000000000e+00,-2.361681297456092565e+00,-1.512548686517728447e+00,2.298361089793168333e-01,8.053178381623269377e-01,2.124308931745463980e+00,2.099631744827670232e+00,4.761814765157369456e-01,0.000000000000000000e+00,0.000000000000000000e+00,0.000000000000000000e+00,0.000000000000000000e+00
0.000000000000000000e+00,0.000000000000000000e+00,0.000000000000000000e+00,0.000000000000000000e+00,0.000000000000000000e+00,0.000000000000000000e+00,0.000000000000000000e+00,0.000000000000000000e+00,0.000000000000000000e+00,0.000000000000000000e+00,0.000000000000000000e+00,0.000000000000000000e+00,0.000000000000000000e+00,0.000000000000000000e+00,0.000000000000000000e+00,0.000000000000000000e+00,0.000000000000000000e+00,-1.822129454308697716e-01,-3.880091692344618259e-01,-1.726902292415453122e+00,-1.824944104390346489e+00,-2.902710593743834444e+00,-2.484230934400307511e+00,1.772753844791649658e-01,0.000000000000000000e+00,0.000000000000000000e+00,-4.813880892907960174e-01,-3.814131059409161306e+00,-7.288872786952016014e+00,-9.697699806938819833e+00,-1.098104681497291502e+01,-1.188361741157522111e+01,-9.508119382024366573e+00,-8.699525379072818865e+00,-4.684418681531623108e+00,1.772753844791649658e-01,0.000000000000000000e+00,0.000000000000000000e+00,-6.582245302547619081e-01,-8.279905905591924409e+00,-1.639528978649165225e+01,-1.534240650844297882e+01,-1.003430165153969611e+01,-7.148880175413021121e+00,-1.291739079954222547e+00,-1.235135214923748670e+00,-3.417032561582856731e-01,5.940117595113382498e-02,0.000000000000000000e+00,0.000000000000000000e+00,0.000000000000000000e+00,-1.813495394888225754e+00,-7.307446023510287603e+00,-1.120058598833143648e+01,-5.753030722339570469e-01,-7.100505436592118302e-01,3.666166328234041760e-01,0.000000000000000000e+00,0.000000000000000000e+00,0.000000000000000000e+00,0.000000000000000000e+00,0.000000000000000000e+00,0.000000000000000000e+00,0.000000000000000000e+00,-1.473637008033048978e+00,-9.886356215960084626e+00,-3.627401750290714322e+00,-9.434780178284921659e-01,9.014514377355045682e-02,2.320358435591164670e-02,0.000000000000000000e+00,0.000000000000000000e+00,0.000000000000000000e+00,0.000000000000000000e+00,0.000000000000000000e+00,0.000000000000000000e+00,0.000000000000000000e+00,-3.226133329358157553e+00,-1.017381016157498408e+01,-8.029689172331195834e+00,-1.468700674309814103e+00,1.986226820866037746e-01,0.000000000000000000e+00,0.000000000000000000e+00,0.000000000000000000e+00,0.000000000000000000e+00,0.000000000000000000e+00,0.000000000000000000e+00,0.000000000000000000e+00,0.000000000000000000e+00,-3.424737213275899528e+00,-1.387907962681022411e+01,-7.522502459000251385e+00,-4.437042176476879707e-02,6.125746269960676005e-02,0.000000000000000000e+00,0.000000000000000000e+00,0.000000000000000000e+00,0.000000000000000000e+00,0.000000000000000000e+00,0.000000000000000000e+00,-1.523883072662358895e+00,-5.870485507882418297e+00,-1.461347589062872743e+01,-9.323178598145272389e+00,9.949180124188350405e-02,6.125746269960676005e-02,0.000000000000000000e+00,0.000000000000000000e+00,0.000000000000000000e+00,0.000000000000000000e+00,-6.896201511141379914e-01,-4.675121584102027938e+00,-1.082909265551417022e+01,-1.448354261986019331e+01,-9.303193335391949148e+00,-3.213884956901701173e+00,3.408590912900094638e-01,1.856286748472932031e-03,0.000000000000000000e+00,0.000000000000000000e+00,-1.788339684437800559e+00,-6.287948344531179679e+00,-1.056012581074233481e+01,-1.513426198402091316e+01,-9.833405188112790185e+00,-4.102140418227643082e+00,-6.291002500073398229e-01,5.499093202517800483e-02,7.239518319044430106e-02,0.000000000000000000e+00,0.000000000000000000e+00,0.000000000000000000e+00,-4.517608973819852380e+00,-9.915840046073274294e+00,-8.701924083761777950e+00,-5.298790052985895116e+00,-1.120943878060889132e+00,1.240532168958322079e-02,8.353290368128195656e-03,0.000000000000000000e+00,0.000000000000000000e+00,0.000000000000000000e+00,0.000000000000000000e+00
0.000000000000000000e+00,0.000000000000000000e+00,0.000000000000000000e+00,0.000000000000000000e+00,0.000000000000000000e+00,0.000000000000000000e+00,0.000000000000000000e+00,0.000000000000000000e+00,0.000000000000000000e+00,0.000000000000000000e+00,0.000000000000000000e+00,0.000000000000000000e+00,0.000000000000000000e+00,0.000000000000000000e+00,0.000000000000000000e+00,0.000000000000000000e+00,0.000000000000000000e+00,-2.625804504746450108e-01,-1.378190453360166878e-01,-1.671759244062808403e+00,3.470319097884722037e-02,-2.609516790996995628e+00,1.790108425858088159e+00,2.252201495351147109e-01,0.000000000000000000e+00,0.000000000000000000e+00,-6.971242757172662063e-01,-3.238330317676479719e+00,-4.815673667438025163e+00,-5.914865671799589997e+00,-5.337940479232691438e+00,-3.433294788239721562e+00,-2.215671970526074119e-01,-4.433279822273971327e+00,1.936984513614920855e+00,-9.008183855450879740e-02,0.000000000000000000e+00,0.000000000000000000e+00,-9.532107443480986042e-01,-5.419883185675085535e+00,-1.007472568251759171e+01,-2.380939157244857274e+00,-3.631350407466053198e+00,6.729481214713408654e-01,2.570604106658870958e+00,-2.273230006314098661e-01,8.914876791394663602e-01,0.000000000000000000e+00,0.000000000000000000e+00,0.000000000000000000e+00,0.000000000000000000e+00,-1.153505473999673514e+00,-6.875548662148205814e+00,3.949795063582091093e+00,3.033039405632908192e+00,1.154827231194258674e+00,2.572744693945521632e+00,0.000000000000000000e+00,0.000000000000000000e+00,0.000000000000000000e+00,0.000000000000000000e+00,0.000000000000000000e+00,0.000000000000000000e+00,0.000000000000000000e+00,-2.134053905256936723e+00,-2.287154473533243859e-01,1.484897148610925699e+00,1.156589210095695375e+00,-3.914985050872000355e-03,0.000000000000000000e+00,0.000000000000000000e+00,0.000000000000000000e+00,0.000000000000000000e+00,0.000000000000000000e+00,0.000000000000000000e+00,0.000000000000000000e+00,0.000000000000000000e+00,-4.656865504796037669e+00,-5.260510334107852515e+00,1.217442935543571192e-01,1.107777157813670588e+00,3.333264912937663471e-01,0.000000000000000000e+00,0.000000000000000000e+00,0.000000000000000000e+00,0.000000000000000000e+00,0.000000000000000000e+00,0.000000000000000000e+00,0.000000000000000000e+00,0.000000000000000000e+00,-4.920356759564334048e+00,-7.736516898080818549e+00,2.201605333944545606e+00,2.588083242188232713e+00,0.000000000000000000e+00,0.000000000000000000e+00,0.000000000000000000e+00,0.000000000000000000e+00,0.000000000000000000e+00,0.000000000000000000e+00,0.000000000000000000e+00,-2.190021617156407530e+00,-5.035189035787752232e+00,-9.956649659111338480e+00,2.804839991515936770e+00,3.651658168995341569e+00,0.000000000000000000e+00,0.000000000000000000e+00,0.000000000000000000e+00,0.000000000000000000e+00,0.000000000000000000e+00,-9.887709124489483248e-01,-5.204808121822092737e+00,-7.897558995364260426e+00,-5.567619628369689266e+00,-2.934430220884733043e+00,1.807947044752209020e+00,1.372829299742458709e+00,0.000000000000000000e+00,0.000000000000000000e+00,0.000000000000000000e+00,-2.566104811831184218e+00,-5.161098275744722130e+00,-6.184292344667724706e+00,-5.528271578521676943e+00,-2.731399873125772704e+00,-2.713910084713804238e-01,4.357455155751225884e-01,4.292282823247540735e-01,0.000000000000000000e+00,0.000000000000000000e+00,0.000000000000000000e+00,0.000000000000000000e+00,-5.941700261079003731e+00,-4.878107740826983729e+00,-3.651820439411279207e+00,-3.598057687816742511e-01,4.891019446575155527e-01,1.214392157198369571e-01,0.000000000000000000e+00,0.000000000000000000e+00,0.000000000000000000e+00,0.000000000000000000e+00,0.000000000000000000e+00
0.000000000000000000e+00,0.000000000000000000e+00,0.000000000000000000e+00,0.000000000000000000e+00,0.000000000000000000e+00,0.000000000000000000e+00,0.000000000000000000e+00,0.000000000000000000e+00,0.000000000000000000e+00,0.000000000000000000e+00,0.000000000000000000e+00,0.000000000000000000e+00,0.000000000000000000e+00,0.000000000000000000e+00,0.000000000000000000e+00,9.639149746791664253e-02,2.091152002631061491e-01,5.471628809941798677e-01,1.889608905064746325e-01,6.818302960795022960e-01,1.112867962914232400e+00,1.040816033179980726e+00,1.060187569758421766e+00,2.109913396564390142e-01,0.000000000000000000e+00,0.000000000000000000e+00,-1.588388989166426568e-01,1.442956988045288824e+00,7.640687903168572603e-01,1.280405031056407239e+00,5.834047861122413359e-01,2.038400087577638686e+00,8.159215424768557767e-01,1.227182422091770642e+00,1.211106166488102875e+00,2.109913396564390142e-01,0.000000000000000000e+00,0.000000000000000000e+00,-2.171878821921440494e-01,1.505504370374728618e+00,1.575522323413354187e+00,1.943511529833541474e+00,6.048846170493367147e-01,3.034802818626206822e+00,6.704029924644185900e-01,7.819829148819830156e-01,6.716489690693807635e-01,7.069866878540365107e-02,0.000000000000000000e+00,0.000000000000000000e+00,0.000000000000000000e+00,6.973057320887365851e-01,1.465232668968479590e+00,2.312529852928583374e+00,3.547035152189190743e-01,1.884632478629590491e+00,4.363433464099132353e-01,0.000000000000000000e+00,0.000000000000000000e+00,0.000000000000000000e+00,0.000000000000000000e+00,0.000000000000000000e+00,0.000000000000000000e+00,9.620013969352340932e-02,-1.987144329262545694e-01,2.042315860703167729e+00,5.305703380048267803e-01,1.170371574214780441e+00,1.154347111490077460e-01,2.761666749429830120e-02,0.000000000000000000e+00,0.000000000000000000e+00,0.000000000000000000e+00,0.000000000000000000e+00,0.000000000000000000e+00,0.000000000000000000e+00,0.000000000000000000e+00,1.345641359251633862e+00,6.553313915929472877e-01,1.475110954855733514e+00,7.090633646576787186e-01,2.363986737511934999e-01,0.000000000000000000e+00,0.000000000000000000e+00,0.000000000000000000e+00,0.000000000000000000e+00,0.000000000000000000e+00,0.000000000000000000e+00,0.000000000000000000e+00,0.000000000000000000e+00,2.912726714138493822e-01,2.525973004268252442e+00,2.140264308853935482e+00,4.847533887073725012e-01,7.290800218494751517e-02,0.000000000000000000e+00,0.000000000000000000e+00,0.000000000000000000e+00,0.000000000000000000e+00,0.000000000000000000e+00,0.000000000000000000e+00,2.566416325583376068e-01,6.840121673121446477e-01,2.275824654955740822e+00,2.854297296982259091e+00,6.559767271720219339e-01,7.290800218494751517e-02,0.000000000000000000e+00,0.000000000000000000e+00,0.000000000000000000e+00,3.604930171960470942e-01,4.308302405829327053e-02,5.036879901551918337e-01,1.109534888694111654e+00,1.128381896270237217e+00,1.094575676566421851e+00,1.291726620170635886e+00,4.219767613585596600e-01,2.209333399543864096e-03,0.000000000000000000e+00,0.000000000000000000e+00,6.686522930595182324e-01,1.063345517540882135e+00,6.594983471984101620e-01,1.606974007914135694e+00,1.278236887199438065e+00,8.662840010305048466e-01,5.818093357439115820e-01,1.375249216217448722e-01,8.616400258221065811e-02,0.000000000000000000e+00,0.000000000000000000e+00,0.000000000000000000e+00,7.270012763350195417e-01,1.137902551726244660e+00,7.100760301274102737e-01,1.144132155463867484e+00,7.938097459551323176e-01,1.683911853609793563e-01,5.354970414450607730e-02,0.000000000000000000e+00,0.000000000000000000e+00,0.000000000000000000e+00,0.000000000000000000e+00
0.000000000000000000e+00,0.000000000000000000e+00,0.000000000000000000e+00,0.000000000000000000e+00,0.000000000000000000e+00,0.000000000000000000e+00,0.000000000000000000e+00,0.000000000000000000e+00,0.000000000000000000e+00,0.000000000000000000e+00,0.000000000000000000e+00,0.000000000000000000e+00,0.000000000000000000e+00,0.000000000000000000e+00,7.416422377469600313e-02,0.000000000000000000e+00,7.416422377469599619e-03,2.899426319360845494e-02,7.567818855022478974e-02,-4.577541620884064688e-01,-1.210724329776502017e+00,-5.730737750941128361e-02,-2.595475797947526253e+00,4.825583665893639074e-01,0.000000000000000000e+00,0.000000000000000000e+00,8.576705120188929943e-01,-1.183092240524503680e+00,-3.132729556250610337e+00,-4.286342145009040649e+00,-5.302343290426027700e+00,-5.840719922649637574e+00,-3.138994959527788176e+00,-2.905092791935866448e+00,-4.620755654129796497e+00,4.825583665893639074e-01,0.000000000000000000e+00,0.000000000000000000e+00,1.055441775418082928e+00,-1.804852689463680271e+00,-6.629728889603216935e+00,-1.018088725004588646e+01,-3.714107654887328192e+00,-4.591714906059154444e+00,4.383502850511113991e-01,-8.434687824139091017e-01,-2.664192827884794834e-01,1.616949500613575619e-01,0.000000000000000000e+00,0.000000000000000000e+00,6.461444705272150202e-01,6.816706157699747859e-03,-7.570885956127582084e-01,-8.632900097807389983e+00,1.102747043904147795e+00,3.681799350502644175e-01,9.979610199099411272e-01,0.000000000000000000e+00,0.000000000000000000e+00,0.000000000000000000e+00,0.000000000000000000e+00,0.000000000000000000e+00,0.000000000000000000e+00,3.460997109485813850e-02,5.999362208857382806e-01,-2.148014730932914507e+00,-1.710738337324212210e+00,-7.305064926896780442e-01,2.624011932518186541e-01,6.316208986771779110e-02,0.000000000000000000e+00,0.000000000000000000e+00,0.000000000000000000e+00,0.000000000000000000e+00,0.000000000000000000e+00,0.000000000000000000e+00,4.993826843824531458e-01,6.151461726842968325e-01,-4.394741831414045841e+00,-6.403556866978217244e+00,-1.027491179740925187e+00,5.406674892676643918e-01,0.000000000000000000e+00,0.000000000000000000e+00,0.000000000000000000e+00,0.000000000000000000e+00,0.000000000000000000e+00,0.000000000000000000e+00,0.000000000000000000e+00,2.859448069369646683e-01,3.504545206132910762e-01,-3.486963626005877170e+00,-7.151591465571070394e+00,1.002447699991169339e+00,1.667479172507749796e-01,0.000000000000000000e+00,0.000000000000000000e+00,0.000000000000000000e+00,0.000000000000000000e+00,5.933137901975679696e-02,1.577898817741715254e-01,1.643213133627809963e-01,-1.884244988351968075e+00,-3.722845988019864993e+00,-9.441597209550970149e+00,1.394052657171019227e+00,1.667479172507749796e-01,0.000000000000000000e+00,0.000000000000000000e+00,4.449853426481760466e-02,3.297104490885123251e-01,4.429521409172759716e-02,-9.497489295671103227e-01,-4.274139499399491449e+00,-7.518635938625680026e+00,-5.883857751195760599e+00,-3.219079398164411909e+00,9.618840483882445946e-01,5.052967189417423809e-03,0.000000000000000000e+00,4.721788913655645126e-01,1.409632466694223929e-01,-1.872823769396555038e+00,-4.962309026466612316e+00,-6.435920117895865822e+00,-6.296967506574515205e+00,-3.192753976998960130e+00,-3.345359097239377633e-01,1.837271012179612639e-01,1.970657203872795693e-01,0.000000000000000000e+00,0.000000000000000000e+00,4.721788913655645126e-01,6.355457860787661062e-02,-4.857433089465600595e+00,-4.638495418687687000e+00,-4.061361598728058020e+00,-7.910149112075598454e-01,2.209729333523140493e-01,1.079873727861967447e-01,0.000000000000000000e+00,0.000000000000000000e+00,0.000000000000000000e+00,0.000000000000000000e+00
0.000000000000000000e+00,0.000000000000000000e+00,0.000000000000000000e+00,0.000000000000000000e+00,0.000000000000000000e+00,0.000000000000000000e+00,0.000000000000000000e+00,0.000000000000000000e+00,0.000000000000000000e+00,0.000000000000000000e+00,0.000000000000000000e+00,0.000000000000000000e+00,0.000000000000000000e+00,0.000000000000000000e+00,2.926857067829854442e-01,6.459332973795386401e-01,5.459235879875810049e-01,1.307672018159198091e+00,1.648625643131898633e+00,1.015320201350050855e+00,3.475666747715363325e+00,5.416298593972890263e-01,-4.064733513489199312e-01,6.011676685231723827e-01,0.000000000000000000e+00,0.000000000000000000e+00,3.954487555381280828e+00,1.895935594259115842e+00,1.700948439938308132e+00,2.418551324243531919e+00,3.257534521433957941e+00,1.185530667267194582e+00,3.560989410586044901e+00,4.854896991607068335e-01,-2.528638230226328831e-01,5.660314177315539652e-01,0.000000000000000000e+00,0.000000000000000000e+00,4.734982773469241124e+00,1.503253340453663434e+00,4.658862019692096013e+00,2.497294716338227527e+00,2.456729992500183535e+00,2.260318539293794338e+00,2.683095379421219118e+00,2.630748753748232138e-01,1.947919923960768906e-01,1.240527816010935924e-01,0.000000000000000000e+00,0.000000000000000000e+00,2.703041362303377326e+00,7.071767148796835878e-01,5.446018865465600101e+00,-9.794225721760843051e-01,2.216105741933493967e+00,1.167149754646704896e+00,1.805507991402925061e+00,0.000000000000000000e+00,0.000000000000000000e+00,0.000000000000000000e+00,0.000000000000000000e+00,0.000000000000000000e+00,0.000000000000000000e+00,1.365866631653932239e-01,3.509167020880804788e+00,2.563868405846354115e+00,1.420266489308753988e+00,4.090526917261333995e-01,2.269716470849535844e-02,0.000000000000000000e+00,0.000000000000000000e+00,0.000000000000000000e+00,0.000000000000000000e+00,0.000000000000000000e+00,0.000000000000000000e+00,0.000000000000000000e+00,2.064328652633271144e+00,2.991621269219045587e+00,1.962324676706372006e+00,4.482569272139302896e-01,2.585249600008451831e-01,7.341246907851759484e-01,0.000000000000000000e+00,0.000000000000000000e+00,0.000000000000000000e+00,0.000000000000000000e+00,0.000000000000000000e+00,0.000000000000000000e+00,0.000000000000000000e+00,1.817246395586662899e+00,2.156865383268685488e+00,5.188667272174356526e+00,5.190248811629991632e-01,1.901843498503310581e+00,0.000000000000000000e+00,0.000000000000000000e+00,0.000000000000000000e+00,0.000000000000000000e+00,0.000000000000000000e+00,2.341485654263883442e-01,1.306475552598367340e+00,1.640202700747629194e+00,1.789787834294183533e+00,5.373463573822014006e+00,8.420148367618816021e-01,2.622764522511425334e+00,0.000000000000000000e+00,0.000000000000000000e+00,0.000000000000000000e+00,1.756114240697912721e-01,1.454249013362639564e+00,2.099092236339636486e+00,2.376534747611721787e+00,2.195642353789795997e+00,1.808637024900877632e+00,1.420300967235251788e+00,-9.818829790929084478e-02,1.488159024792684360e+00,0.000000000000000000e+00,0.000000000000000000e+00,1.863432333185007339e+00,1.874971544849398430e+00,2.746190181090183202e+00,2.984076727192976897e+00,2.140390329621173926e+00,9.713008012133967917e-01,4.696536206711759975e-01,2.135434075259848019e-01,2.252344714721313534e-01,0.000000000000000000e+00,0.000000000000000000e+00,0.000000000000000000e+00,1.863432333185007339e+00,1.874971544849398430e+00,2.746190181090183202e+00,1.570549089311177537e+00,4.259355939802192959e-01,3.308464936395225653e-01,1.259666217479729899e-01,0.000000000000000000e+00,0.000000000000000000e+00,0.000000000000000000e+00,0.000000000000000000e+00,0.000000000000000000e+00
0.000000000000000000e+00,0.000000000000000000e+00,0.000000000000000000e+00,0.000000000000000000e+00,0.000000000000000000e+00,0.000000000000000000e+00,0.000000000000000000e+00,0.000000000000000000e+00,0.000000000000000000e+00,0.000000000000000000e+00,0.000000000000000000e+00,0.000000000000000000e+00,0.000000000000000000e+00,0.000000000000000000e+00,1.775417403048846765e-01,6.078060163162183338e-01,1.175846679712806431e+00,7.667144284721707503e-01,5.372763019502848625e-01,1.643515623801337311e+00,-9.290394529944049351e-01,1.992507125150023040e+00,-1.267630550646437815e+00,-1.442170988090832662e+00,0.000000000000000000e+00,0.000000000000000000e+00,3.531658470367919023e+00,7.264605495933881940e+00,-1.365336870008344583e-01,-6.651807202093239502e-01,-1.852807907495316986e+00,-1.232110789581978505e+00,-6.477187241203573365e+00,5.989089252535473307e-02,-5.379675487592822769e+00,-2.168934320672039728e+00,0.000000000000000000e+00,0.000000000000000000e+00,4.005103111180945419e+00,8.963421613481818540e+00,1.075102549869950019e+00,-1.474945003547599942e+00,-6.246741567994282818e+00,-4.727884084320006508e-01,-6.977781740135514887e+00,-7.428744548337731235e-01,-1.022682238397453203e+00,0.000000000000000000e+00,0.000000000000000000e+00,0.000000000000000000e+00,1.944009135330254434e+00,5.223633444475517251e+00,8.014840798164826197e+00,6.817869745048924734e+00,-6.992259130728061933e+00,1.066595747809355732e+00,-1.748774269023529282e+00,0.000000000000000000e+00,0.000000000000000000e+00,0.000000000000000000e+00,0.000000000000000000e+00,0.000000000000000000e+00,0.000000000000000000e+00,1.416478949036067414e-01,7.104480350777116371e+00,8.641479398450206517e+00,-5.364177877486945079e+00,-2.878253005103508677e+00,-1.135567707158136042e-02,0.000000000000000000e+00,0.000000000000000000e+00,0.000000000000000000e+00,0.000000000000000000e+00,0.000000000000000000e+00,0.000000000000000000e+00,0.000000000000000000e+00,1.438207924131483795e+00,6.650846869921061000e+00,4.993316118820706251e+00,-1.337228140091496709e+00,-5.709383796058824068e+00,-3.066032809326967312e-01,0.000000000000000000e+00,0.000000000000000000e+00,0.000000000000000000e+00,0.000000000000000000e+00,0.000000000000000000e+00,0.000000000000000000e+00,0.000000000000000000e+00,2.471940589208472705e+00,5.446938733846566905e+00,6.762311382363002998e+00,-3.215763039092596198e+00,-5.892368654216257440e+00,0.000000000000000000e+00,0.000000000000000000e+00,0.000000000000000000e+00,0.000000000000000000e+00,0.000000000000000000e+00,1.420333922439077357e-01,2.405914940711165517e+00,3.490760117791115391e+00,3.116834518088185568e+00,5.957147711653126620e+00,-1.328965212564187981e+00,-7.899446209557810405e+00,0.000000000000000000e+00,0.000000000000000000e+00,0.000000000000000000e+00,1.065250441829308087e-01,2.911506435895987899e+00,2.333832700373446922e+00,3.553934718033496587e+00,2.513092051972874330e+00,1.962437682942383965e-01,-5.478545913338138007e+00,-6.666487986656028042e+00,-2.066733227027807818e+00,0.000000000000000000e+00,0.000000000000000000e+00,1.130349079941098900e+00,5.167491403287043816e+00,2.667181045512589055e+00,1.208540832624648509e+00,1.022974919012807460e+00,-4.454238076351932918e+00,-6.028402779846329551e+00,-3.134514923618295423e+00,-2.271135414316272083e-02,0.000000000000000000e+00,0.000000000000000000e+00,0.000000000000000000e+00,1.130349079941098900e+00,5.167491403287043816e+00,2.441260751277213537e+00,-1.932756244296835346e+00,-3.856933397147446652e+00,-4.164796676451517854e+00,-1.249124477873949646e-01,0.000000000000000000e+00,0.000000000000000000e+00,0.000000000000000000e+00,0.000000000000000000e+00,0.000000000000000000e+00
